[
  {
    "__type__": "cc.SpriteFrame",
    "content": {
      "name": "bg_jinbishu",
      "texture": "caqvn/UDZCMqiniLgLLkyI",
      "rect": [
        0,
        0,
        40,
        30
      ],
      "offset": [
        0,
        0
      ],
      "originalSize": [
        40,
        30
      ],
      "capInsets": [
        11,
        0,
        12,
        0
      ]
    }
  },
  {
    "__type__": "cc.SpriteFrame",
    "content": {
      "name": "circle_2",
      "texture": "ecJE7lbx9JIJtp1N8OeOwt",
      "rect": [
        0,
        0,
        129,
        130
      ],
      "offset": [
        -0.5,
        0
      ],
      "originalSize": [
        130,
        130
      ]
    }
  },
  {
    "__type__": "cc.SpriteFrame",
    "content": {
      "name": "default_btn_disabled",
      "texture": "71VhFCTINJM6/Ky3oX9nBT",
      "rect": [
        0,
        0,
        40,
        40
      ],
      "offset": [
        0,
        0
      ],
      "originalSize": [
        40,
        40
      ],
      "capInsets": [
        15,
        7,
        15,
        9
      ]
    }
  },
  {
    "__type__": "cc.SpriteFrame",
    "content": {
      "name": "Stroke_photo_oneself",
      "texture": "2dhqhUY8RLkIuIpDKLhSbC",
      "rect": [
        0,
        0,
        136,
        135
      ],
      "offset": [
        0,
        0
      ],
      "originalSize": [
        136,
        135
      ]
    }
  },
  {
    "__type__": "cc.SpriteFrame",
    "content": {
      "name": "icon_boy",
      "texture": "97pjFsf8tP/pBFNWJbxqv2",
      "rect": [
        0,
        0,
        32,
        32
      ],
      "offset": [
        0,
        0
      ],
      "originalSize": [
        32,
        32
      ]
    }
  },
  {
    "__type__": "cc.SpriteFrame",
    "content": {
      "name": "icon_back",
      "texture": "af4ymm6F5GoJjtijThKJB7",
      "rect": [
        0,
        0,
        33,
        48
      ],
      "offset": [
        0,
        0
      ],
      "originalSize": [
        33,
        48
      ]
    }
  },
  {
    "__type__": "cc.SpriteFrame",
    "content": {
      "name": "icon_gold_big",
      "texture": "266ahnPS9JgYozgtRA3nr/",
      "rect": [
        0,
        0,
        60,
        56
      ],
      "offset": [
        0,
        0
      ],
      "originalSize": [
        60,
        56
      ]
    }
  },
  {
    "__type__": "cc.SpriteFrame",
    "content": {
      "name": "icon_plus",
      "texture": "b2A380BP9DUbnaW+S7VXAX",
      "rect": [
        0,
        0,
        30,
        30
      ],
      "offset": [
        0,
        0
      ],
      "originalSize": [
        30,
        30
      ]
    }
  },
  {
    "__type__": "cc.SpriteFrame",
    "content": {
      "name": "icon_diamond",
      "texture": "502lSG36FG0p1PaG61Unwa",
      "rect": [
        0,
        0,
        61,
        56
      ],
      "offset": [
        0,
        0
      ],
      "originalSize": [
        61,
        56
      ]
    }
  },
  {
    "__type__": "cc.SpriteFrame",
    "content": {
      "name": "icon_back",
      "texture": "2d3+AFISlB2K7sKx9R8Cli",
      "rect": [
        0,
        0,
        33,
        48
      ],
      "offset": [
        0,
        0
      ],
      "originalSize": [
        33,
        48
      ]
    }
  },
  {
    "__type__": "cc.SpriteFrame",
    "content": {
      "name": "icon_set",
      "texture": "0e2M9ujARFaY0XYmom4Qmf",
      "rect": [
        0,
        0,
        59,
        61
      ],
      "offset": [
        0,
        0
      ],
      "originalSize": [
        59,
        61
      ]
    }
  },
  {
    "__type__": "cc.SpriteFrame",
    "content": {
      "name": "default_progressbar",
      "texture": "cf73jxyN9Jt47QTJU6ziYh",
      "rect": [
        0,
        0,
        30,
        15
      ],
      "offset": [
        0,
        0
      ],
      "originalSize": [
        30,
        15
      ],
      "capInsets": [
        5,
        0,
        5,
        0
      ]
    }
  },
  {
    "__type__": "cc.SpriteFrame",
    "content": {
      "name": "bg_xiamian",
      "texture": "83zCCG1xNHoI2GqNYGi2JY",
      "rect": [
        0,
        0,
        665,
        122
      ],
      "offset": [
        0,
        0
      ],
      "originalSize": [
        665,
        122
      ]
    }
  },
  {
    "__type__": "cc.SpriteFrame",
    "content": {
      "name": "gb_inputbox",
      "texture": "c3nqSWlutNxZRa58kZt3wh",
      "rect": [
        0,
        0,
        54,
        81
      ],
      "offset": [
        0,
        0
      ],
      "originalSize": [
        54,
        81
      ],
      "capInsets": [
        12,
        11,
        12,
        11
      ]
    }
  },
  {
    "__type__": "cc.SpriteFrame",
    "content": {
      "name": "button_zbc",
      "texture": "2aQOXnTEpDUJ5ddnV3Vc3S",
      "rect": [
        0,
        0,
        432,
        155
      ],
      "offset": [
        0,
        0
      ],
      "originalSize": [
        432,
        155
      ]
    }
  },
  {
    "__type__": "cc.SpriteFrame",
    "content": {
      "name": "default_progressbar_bg",
      "texture": "99FwsL0hBG8bITfZ4/IwmK",
      "rect": [
        0,
        0,
        60,
        15
      ],
      "offset": [
        0,
        0
      ],
      "originalSize": [
        60,
        15
      ],
      "capInsets": [
        5,
        0,
        5,
        0
      ]
    }
  },
  [
    {
      "__type__": "cc.SceneAsset",
      "_name": "menu",
      "scene": {
        "__id__": 1
      },
      "asyncLoadAssets": null
    },
    {
      "__type__": "cc.Scene",
      "_name": "New Node",
      "_children": [
        {
          "__id__": 2
        },
        {
          "__id__": 27
        }
      ],
      "_anchorPoint": {
        "__type__": "cc.Vec2"
      },
      "autoReleaseAssets": false
    },
    {
      "__type__": "cc.Node",
      "_name": "Canvas",
      "_parent": {
        "__id__": 1
      },
      "_children": [
        {
          "__id__": 3
        },
        {
          "__id__": 4
        },
        {
          "__id__": 6
        },
        {
          "__id__": 9
        },
        {
          "__id__": 25
        },
        {
          "__id__": 42
        },
        {
          "__id__": 72
        }
      ],
      "_components": [
        {
          "__type__": "cc.Canvas",
          "node": {
            "__id__": 2
          },
          "_designResolution": {
            "__type__": "cc.Size",
            "width": 1334,
            "height": 750
          }
        },
        {
          "__type__": "e390cpl5vpL54CRkH0xI8Ul",
          "node": {
            "__id__": 2
          },
          "panel": {
            "__id__": 71
          },
          "manifestUrl": {
            "__uuid__": "41KLeLAK5Niq41Tlylxc3p"
          },
          "updateUI": {
            "__id__": 42
          }
        }
      ],
      "_id": "aa2f6rtn5pHHZr289ji53Oy",
      "_contentSize": {
        "__type__": "cc.Size",
        "width": 1334,
        "height": 750
      },
      "_position": {
        "__type__": "cc.Vec2",
        "x": 667,
        "y": 375
      }
    },
    {
      "__type__": "cc.Node",
      "_name": "bg",
      "_parent": {
        "__id__": 2
      },
      "_components": [
        {
          "__type__": "cc.Sprite",
          "node": {
            "__id__": 3
          },
          "_spriteFrame": {
            "__uuid__": "a22nm+/iJCCoO143h4NnsG"
          }
        },
        {
          "__type__": "cc.Widget",
          "node": {
            "__id__": 3
          },
          "_alignFlags": 45,
          "_originalWidth": 1334,
          "_originalHeight": 750
        }
      ],
      "_contentSize": {
        "__type__": "cc.Size",
        "width": 1334,
        "height": 750
      }
    },
    {
      "__type__": "cc.Node",
      "_name": "btnBack",
      "_parent": {
        "__id__": 2
      },
      "_children": [
        {
          "__id__": 5
        }
      ],
      "_components": [
        {
          "__type__": "cc.Widget",
          "node": {
            "__id__": 4
          },
          "_alignFlags": 9,
          "_left": 30
        },
        {
          "__type__": "cc.Sprite",
          "node": {
            "__id__": 4
          },
          "_spriteFrame": {
            "__uuid__": "efDpLYbbNOAaHwWYi/crTs"
          },
          "_type": 1
        },
        {
          "__type__": "cc.Button",
          "node": {
            "__id__": 4
          },
          "transition": 1,
          "pressedColor": {
            "__type__": "cc.Color",
            "r": 255,
            "g": 255,
            "b": 255
          },
          "_N$normalColor": {
            "__type__": "cc.Color",
            "r": 255,
            "g": 255,
            "b": 255
          },
          "_N$disabledColor": {
            "__type__": "cc.Color",
            "r": 187,
            "g": 180,
            "b": 180
          },
          "_N$normalSprite": {
            "__uuid__": "f0BIwQ8D5Ml7nTNQbh1YlS"
          },
          "_N$pressedSprite": {
            "__uuid__": "e97GVMl6JHh5Ml5qEDdSGa"
          },
          "pressedSprite": {
            "__uuid__": "e97GVMl6JHh5Ml5qEDdSGa"
          },
          "_N$hoverSprite": {
            "__uuid__": "e97GVMl6JHh5Ml5qEDdSGa"
          },
          "hoverSprite": {
            "__uuid__": "e97GVMl6JHh5Ml5qEDdSGa"
          },
          "_N$disabledSprite": {
            "__uuid__": "29FYIk+N1GYaeWH/q1NxQO"
          },
          "_N$target": {
            "__id__": 4
          }
        },
        {
          "__type__": "a171dSnCXFMRIqs1IWdvgWM",
          "node": {
            "__id__": 4
          },
          "pressedScale": 0.8,
          "transDuration": 0.1
        }
      ],
      "_anchorPoint": {
        "__type__": "cc.Vec2",
        "x": 0.5,
        "y": 1
      },
      "_contentSize": {
        "__type__": "cc.Size",
        "width": 84,
        "height": 64
      },
      "_position": {
        "__type__": "cc.Vec2",
        "x": -595,
        "y": 375
      }
    },
    {
      "__type__": "cc.Node",
      "_name": "icon_back",
      "_parent": {
        "__id__": 4
      },
      "_components": [
        {
          "__type__": "cc.Sprite",
          "node": {
            "__id__": 5
          },
          "_spriteFrame": {
            "__uuid__": "413CCm1gpPVYVOhg0q1jSL"
          }
        }
      ],
      "_contentSize": {
        "__type__": "cc.Size",
        "width": 33,
        "height": 48
      },
      "_position": {
        "__type__": "cc.Vec2",
        "y": -25
      }
    },
    {
      "__type__": "cc.Node",
      "_name": "btnMsg",
      "_parent": {
        "__id__": 2
      },
      "_children": [
        {
          "__id__": 7
        },
        {
          "__id__": 8
        }
      ],
      "_components": [
        {
          "__type__": "cc.Widget",
          "node": {
            "__id__": 6
          },
          "_alignFlags": 33,
          "_left": 30,
          "_right": 30,
          "_originalWidth": 84
        },
        {
          "__type__": "cc.Sprite",
          "node": {
            "__id__": 6
          },
          "_spriteFrame": {
            "__uuid__": "efDpLYbbNOAaHwWYi/crTs"
          },
          "_type": 1
        },
        {
          "__type__": "cc.Button",
          "node": {
            "__id__": 6
          },
          "transition": 1,
          "pressedColor": {
            "__type__": "cc.Color",
            "r": 255,
            "g": 255,
            "b": 255
          },
          "clickEvents": [
            {
              "__type__": "cc.ClickEvent",
              "target": {
                "__id__": 2
              },
              "component": "HotUpdate",
              "handler": "show"
            }
          ],
          "_N$normalColor": {
            "__type__": "cc.Color",
            "r": 255,
            "g": 255,
            "b": 255
          },
          "_N$disabledColor": {
            "__type__": "cc.Color",
            "r": 187,
            "g": 180,
            "b": 180
          },
          "_N$normalSprite": {
            "__uuid__": "f0BIwQ8D5Ml7nTNQbh1YlS"
          },
          "_N$pressedSprite": {
            "__uuid__": "e97GVMl6JHh5Ml5qEDdSGa"
          },
          "pressedSprite": {
            "__uuid__": "e97GVMl6JHh5Ml5qEDdSGa"
          },
          "_N$hoverSprite": {
            "__uuid__": "e97GVMl6JHh5Ml5qEDdSGa"
          },
          "hoverSprite": {
            "__uuid__": "e97GVMl6JHh5Ml5qEDdSGa"
          },
          "_N$disabledSprite": {
            "__uuid__": "29FYIk+N1GYaeWH/q1NxQO"
          },
          "_N$target": {
            "__id__": 6
          }
        },
        {
          "__type__": "a171dSnCXFMRIqs1IWdvgWM",
          "node": {
            "__id__": 6
          },
          "pressedScale": 0.8,
          "transDuration": 0.1
        }
      ],
      "_anchorPoint": {
        "__type__": "cc.Vec2",
        "x": 0.5,
        "y": 1
      },
      "_contentSize": {
        "__type__": "cc.Size",
        "width": 84,
        "height": 64
      },
      "_position": {
        "__type__": "cc.Vec2",
        "x": 595,
        "y": 375
      }
    },
    {
      "__type__": "cc.Node",
      "_name": "icon_back",
      "_parent": {
        "__id__": 6
      },
      "_components": [
        {
          "__type__": "cc.Sprite",
          "node": {
            "__id__": 7
          },
          "_spriteFrame": {
            "__uuid__": "31051rd4RCarG7NwSS8NX2"
          }
        }
      ],
      "_contentSize": {
        "__type__": "cc.Size",
        "width": 32,
        "height": 32
      },
      "_rotationX": -45,
      "_rotationY": -45,
      "_position": {
        "__type__": "cc.Vec2",
        "y": -36.1
      }
    },
    {
      "__type__": "cc.Node",
      "_name": "New Label",
      "_parent": {
        "__id__": 6
      },
      "_components": [
        {
          "__type__": "cc.Label",
          "node": {
            "__id__": 8
          },
          "_useOriginalSize": false,
          "_actualFontSize": 20,
          "_fontSize": 20,
          "_N$string": "Update",
          "_N$horizontalAlign": 1,
          "_N$verticalAlign": 1
        }
      ],
      "_contentSize": {
        "__type__": "cc.Size",
        "width": 64,
        "height": 40
      },
      "_position": {
        "__type__": "cc.Vec2",
        "x": -0.2,
        "y": -14.2
      }
    },
    {
      "__type__": "cc.Node",
      "_name": "bottom",
      "_parent": {
        "__id__": 2
      },
      "_children": [
        {
          "__id__": 10
        },
        {
          "__id__": 11
        },
        {
          "__id__": 12
        },
        {
          "__id__": 17
        },
        {
          "__id__": 22
        },
        {
          "__id__": 23
        },
        {
          "__id__": 24
        }
      ],
      "_components": [
        {
          "__type__": "cc.Widget",
          "node": {
            "__id__": 9
          },
          "_alignFlags": 45
        }
      ],
      "_contentSize": {
        "__type__": "cc.Size",
        "width": 1334,
        "height": 750
      }
    },
    {
      "__type__": "cc.Node",
      "_name": "bottom_right",
      "_parent": {
        "__id__": 9
      },
      "_components": [
        {
          "__type__": "cc.Sprite",
          "node": {
            "__id__": 10
          },
          "_spriteFrame": {
            "__uuid__": "7a7hhmAdtBqq/p5KeR3vaq"
          },
          "_sizeMode": 0
        },
        {
          "__type__": "cc.Widget",
          "node": {
            "__id__": 10
          },
          "_alignFlags": 44,
          "_left": 0.5000000000757723,
          "_right": -7.577227734145708e-11,
          "_isAbsLeft": false,
          "_originalWidth": 665
        }
      ],
      "_contentSize": {
        "__type__": "cc.Size",
        "width": 666.9999998989955,
        "height": 122
      },
      "_position": {
        "__type__": "cc.Vec2",
        "x": 333.50000005057797,
        "y": -314
      }
    },
    {
      "__type__": "cc.Node",
      "_name": "bottom_left",
      "_parent": {
        "__id__": 9
      },
      "_components": [
        {
          "__type__": "cc.Sprite",
          "node": {
            "__id__": 11
          },
          "_spriteFrame": {
            "__uuid__": "7a7hhmAdtBqq/p5KeR3vaq"
          },
          "_sizeMode": 0
        },
        {
          "__type__": "cc.Widget",
          "node": {
            "__id__": 11
          },
          "_alignFlags": 44,
          "_left": 7.577227734145708e-11,
          "_right": 0.4999999999242277,
          "_isAbsRight": false,
          "_originalWidth": 665
        }
      ],
      "_contentSize": {
        "__type__": "cc.Size",
        "width": 667.0000001010045,
        "height": 122
      },
      "_scaleX": -1,
      "_position": {
        "__type__": "cc.Vec2",
        "x": -333.49999994942203,
        "y": -314
      }
    },
    {
      "__type__": "cc.Node",
      "_name": "diamond",
      "_parent": {
        "__id__": 9
      },
      "_children": [
        {
          "__id__": 13
        },
        {
          "__id__": 14
        },
        {
          "__id__": 15
        },
        {
          "__id__": 16
        }
      ],
      "_components": [
        {
          "__type__": "cc.Button",
          "node": {
            "__id__": 12
          },
          "pressedColor": {
            "__type__": "cc.Color",
            "r": 255,
            "g": 255,
            "b": 255
          },
          "_N$normalColor": {
            "__type__": "cc.Color",
            "r": 255,
            "g": 255,
            "b": 255
          },
          "_N$disabledColor": {
            "__type__": "cc.Color",
            "r": 255,
            "g": 255,
            "b": 255
          },
          "_N$target": {
            "__id__": 12
          }
        },
        {
          "__type__": "cc.Widget",
          "node": {
            "__id__": 12
          },
          "_alignFlags": 12,
          "_left": 50,
          "_bottom": 30
        },
        {
          "__type__": "a171dSnCXFMRIqs1IWdvgWM",
          "node": {
            "__id__": 12
          },
          "pressedScale": 0.85,
          "transDuration": 0.1
        }
      ],
      "_contentSize": {
        "__type__": "cc.Size",
        "width": 215,
        "height": 50
      },
      "_position": {
        "__type__": "cc.Vec2",
        "x": -509.5,
        "y": -320
      }
    },
    {
      "__type__": "cc.Node",
      "_name": "bg",
      "_parent": {
        "__id__": 12
      },
      "_components": [
        {
          "__type__": "cc.Sprite",
          "node": {
            "__id__": 13
          },
          "_spriteFrame": {
            "__uuid__": "d1kzAXyEVJLapyv3HXtIcm"
          },
          "_type": 1,
          "_sizeMode": 0
        }
      ],
      "_contentSize": {
        "__type__": "cc.Size",
        "width": 180,
        "height": 42
      }
    },
    {
      "__type__": "cc.Node",
      "_name": "icon_diamond",
      "_parent": {
        "__id__": 12
      },
      "_components": [
        {
          "__type__": "cc.Sprite",
          "node": {
            "__id__": 14
          },
          "_spriteFrame": {
            "__uuid__": "5aftkBvcFII4sN0tuNRQbq"
          }
        }
      ],
      "_contentSize": {
        "__type__": "cc.Size",
        "width": 61,
        "height": 56
      },
      "_position": {
        "__type__": "cc.Vec2",
        "x": -86
      }
    },
    {
      "__type__": "cc.Node",
      "_name": "icon_plus",
      "_parent": {
        "__id__": 12
      },
      "_components": [
        {
          "__type__": "cc.Sprite",
          "node": {
            "__id__": 15
          },
          "_spriteFrame": {
            "__uuid__": "57F8d8Zd5CMpcUsMZj33ON"
          }
        }
      ],
      "_contentSize": {
        "__type__": "cc.Size",
        "width": 30,
        "height": 30
      },
      "_position": {
        "__type__": "cc.Vec2",
        "x": 65
      }
    },
    {
      "__type__": "cc.Node",
      "_name": "num",
      "_parent": {
        "__id__": 12
      },
      "_components": [
        {
          "__type__": "cc.Label",
          "node": {
            "__id__": 16
          },
          "_useOriginalSize": false,
          "_fontSize": 25,
          "_isSystemFontUsed": false,
          "_N$string": "999999\n",
          "_N$horizontalAlign": 1,
          "_N$verticalAlign": 1
        }
      ],
      "_contentSize": {
        "__type__": "cc.Size",
        "width": 83,
        "height": 80
      }
    },
    {
      "__type__": "cc.Node",
      "_name": "gold",
      "_parent": {
        "__id__": 9
      },
      "_children": [
        {
          "__id__": 18
        },
        {
          "__id__": 19
        },
        {
          "__id__": 20
        },
        {
          "__id__": 21
        }
      ],
      "_components": [
        {
          "__type__": "cc.Button",
          "node": {
            "__id__": 17
          },
          "pressedColor": {
            "__type__": "cc.Color",
            "r": 255,
            "g": 255,
            "b": 255
          },
          "_N$normalColor": {
            "__type__": "cc.Color",
            "r": 255,
            "g": 255,
            "b": 255
          },
          "_N$disabledColor": {
            "__type__": "cc.Color",
            "r": 255,
            "g": 255,
            "b": 255
          },
          "_N$target": {
            "__id__": 17
          }
        },
        {
          "__type__": "cc.Widget",
          "node": {
            "__id__": 17
          },
          "_alignFlags": 12,
          "_left": 280,
          "_right": 0.5999999998106545,
          "_bottom": 30,
          "_isAbsRight": false
        },
        {
          "__type__": "a171dSnCXFMRIqs1IWdvgWM",
          "node": {
            "__id__": 17
          },
          "pressedScale": 0.8,
          "transDuration": 0.1
        }
      ],
      "_contentSize": {
        "__type__": "cc.Size",
        "width": 215,
        "height": 50
      },
      "_position": {
        "__type__": "cc.Vec2",
        "x": -279.5,
        "y": -320
      }
    },
    {
      "__type__": "cc.Node",
      "_name": "bg",
      "_parent": {
        "__id__": 17
      },
      "_components": [
        {
          "__type__": "cc.Sprite",
          "node": {
            "__id__": 18
          },
          "_spriteFrame": {
            "__uuid__": "d1kzAXyEVJLapyv3HXtIcm"
          },
          "_type": 1,
          "_sizeMode": 0
        }
      ],
      "_contentSize": {
        "__type__": "cc.Size",
        "width": 180,
        "height": 42
      }
    },
    {
      "__type__": "cc.Node",
      "_name": "icon_gold",
      "_parent": {
        "__id__": 17
      },
      "_components": [
        {
          "__type__": "cc.Sprite",
          "node": {
            "__id__": 19
          },
          "_spriteFrame": {
            "__uuid__": "450PiT97dMhIvZ3WQJ7G3p"
          }
        }
      ],
      "_contentSize": {
        "__type__": "cc.Size",
        "width": 60,
        "height": 56
      },
      "_position": {
        "__type__": "cc.Vec2",
        "x": -86
      }
    },
    {
      "__type__": "cc.Node",
      "_name": "icon_plus",
      "_parent": {
        "__id__": 17
      },
      "_components": [
        {
          "__type__": "cc.Sprite",
          "node": {
            "__id__": 20
          },
          "_spriteFrame": {
            "__uuid__": "57F8d8Zd5CMpcUsMZj33ON"
          }
        }
      ],
      "_contentSize": {
        "__type__": "cc.Size",
        "width": 30,
        "height": 30
      },
      "_position": {
        "__type__": "cc.Vec2",
        "x": 65
      }
    },
    {
      "__type__": "cc.Node",
      "_name": "num",
      "_parent": {
        "__id__": 17
      },
      "_components": [
        {
          "__type__": "cc.Label",
          "node": {
            "__id__": 21
          },
          "_useOriginalSize": false,
          "_fontSize": 25,
          "_N$string": "999999\n",
          "_N$horizontalAlign": 1,
          "_N$verticalAlign": 1
        }
      ],
      "_contentSize": {
        "__type__": "cc.Size",
        "width": 83,
        "height": 80
      }
    },
    {
      "__type__": "cc.Node",
      "_name": "btnRule",
      "_parent": {
        "__id__": 9
      },
      "_components": [
        {
          "__type__": "cc.Sprite",
          "node": {
            "__id__": 22
          },
          "_spriteFrame": {
            "__uuid__": "c20POSKPtHp6r5r0DnX0DT"
          }
        },
        {
          "__type__": "cc.Widget",
          "node": {
            "__id__": 22
          },
          "_alignFlags": 36,
          "_right": 0.49999999984845545,
          "_bottom": 30,
          "_isAbsRight": false
        },
        {
          "__type__": "cc.Button",
          "node": {
            "__id__": 22
          },
          "pressedColor": {
            "__type__": "cc.Color",
            "r": 255,
            "g": 255,
            "b": 255
          },
          "_N$normalColor": {
            "__type__": "cc.Color",
            "r": 255,
            "g": 255,
            "b": 255
          },
          "_N$disabledColor": {
            "__type__": "cc.Color",
            "r": 255,
            "g": 255,
            "b": 255
          },
          "_N$target": {
            "__id__": 22
          }
        },
        {
          "__type__": "a171dSnCXFMRIqs1IWdvgWM",
          "node": {
            "__id__": 22
          },
          "pressedScale": 0.8,
          "transDuration": 0.1
        }
      ],
      "_contentSize": {
        "__type__": "cc.Size",
        "width": 53,
        "height": 61
      },
      "_position": {
        "__type__": "cc.Vec2",
        "x": -26.499999797839564,
        "y": -314.5
      }
    },
    {
      "__type__": "cc.Node",
      "_name": "btnSetting",
      "_parent": {
        "__id__": 9
      },
      "_components": [
        {
          "__type__": "cc.Sprite",
          "node": {
            "__id__": 23
          },
          "_spriteFrame": {
            "__uuid__": "67nkSrGW9KU5z6ypunyLpD"
          }
        },
        {
          "__type__": "cc.Widget",
          "node": {
            "__id__": 23
          },
          "_alignFlags": 12,
          "_left": 0.5500000000567582,
          "_bottom": 30,
          "_isAbsLeft": false
        },
        {
          "__type__": "cc.Button",
          "node": {
            "__id__": 23
          },
          "pressedColor": {
            "__type__": "cc.Color",
            "r": 255,
            "g": 255,
            "b": 255
          },
          "_N$normalColor": {
            "__type__": "cc.Color",
            "r": 255,
            "g": 255,
            "b": 255
          },
          "_N$disabledColor": {
            "__type__": "cc.Color",
            "r": 255,
            "g": 255,
            "b": 255
          },
          "_N$target": {
            "__id__": 23
          }
        },
        {
          "__type__": "a171dSnCXFMRIqs1IWdvgWM",
          "node": {
            "__id__": 23
          },
          "pressedScale": 0.8,
          "transDuration": 0.1
        }
      ],
      "_contentSize": {
        "__type__": "cc.Size",
        "width": 59,
        "height": 61
      },
      "_position": {
        "__type__": "cc.Vec2",
        "x": 96.20000007571548,
        "y": -314.5
      }
    },
    {
      "__type__": "cc.Node",
      "_name": "userName",
      "_parent": {
        "__id__": 9
      },
      "_components": [
        {
          "__type__": "cc.Label",
          "node": {
            "__id__": 24
          },
          "_useOriginalSize": false,
          "_N$string": "凹凸曼",
          "_N$horizontalAlign": 2,
          "_N$verticalAlign": 1
        },
        {
          "__type__": "cc.Widget",
          "node": {
            "__id__": 24
          },
          "_alignFlags": 36,
          "_right": 179.99999999999994,
          "_bottom": 30
        }
      ],
      "_anchorPoint": {
        "__type__": "cc.Vec2",
        "x": 1,
        "y": 0.5
      },
      "_contentSize": {
        "__type__": "cc.Size",
        "width": 120,
        "height": 40
      },
      "_position": {
        "__type__": "cc.Vec2",
        "x": 487.00000000000006,
        "y": -325
      }
    },
    {
      "__type__": "cc.Node",
      "_name": "center",
      "_parent": {
        "__id__": 2
      },
      "_children": [
        {
          "__id__": 26
        },
        {
          "__id__": 40
        },
        {
          "__id__": 41
        },
        {
          "__id__": 32
        }
      ],
      "_components": [
        {
          "__type__": "cc.Widget",
          "node": {
            "__id__": 25
          },
          "_alignFlags": 45,
          "_left": -629,
          "_right": 629
        }
      ],
      "_contentSize": {
        "__type__": "cc.Size",
        "width": 1334,
        "height": 750
      },
      "_position": {
        "__type__": "cc.Vec2",
        "x": -629
      }
    },
    {
      "__type__": "cc.Node",
      "_name": "btnQuickStart",
      "_parent": {
        "__id__": 25
      },
      "_components": [
        {
          "__type__": "cc.Widget",
          "node": {
            "__id__": 26
          },
          "_alignFlags": 8,
          "_left": 0.55,
          "_isAbsLeft": false
        },
        {
          "__type__": "cc.Sprite",
          "node": {
            "__id__": 26
          },
          "_spriteFrame": {
            "__uuid__": "d5iFnbamRIm6ocaD5fmmRr"
          }
        },
        {
          "__type__": "cc.Button",
          "node": {
            "__id__": 26
          },
          "transition": 1,
          "pressedColor": {
            "__type__": "cc.Color",
            "r": 255,
            "g": 255,
            "b": 255
          },
          "clickEvents": [
            {
              "__type__": "cc.ClickEvent",
              "target": {
                "__id__": 27
              },
              "component": "Menu",
              "handler": "playGame"
            }
          ],
          "_N$normalColor": {
            "__type__": "cc.Color",
            "r": 255,
            "g": 255,
            "b": 255
          },
          "_N$disabledColor": {
            "__type__": "cc.Color",
            "r": 255,
            "g": 255,
            "b": 255
          },
          "_N$normalSprite": {
            "__uuid__": "f0BIwQ8D5Ml7nTNQbh1YlS"
          },
          "_N$pressedSprite": {
            "__uuid__": "e97GVMl6JHh5Ml5qEDdSGa"
          },
          "pressedSprite": {
            "__uuid__": "e97GVMl6JHh5Ml5qEDdSGa"
          },
          "_N$hoverSprite": {
            "__uuid__": "e97GVMl6JHh5Ml5qEDdSGa"
          },
          "hoverSprite": {
            "__uuid__": "e97GVMl6JHh5Ml5qEDdSGa"
          },
          "_N$disabledSprite": {
            "__uuid__": "29FYIk+N1GYaeWH/q1NxQO"
          },
          "_N$target": {
            "__id__": 26
          }
        },
        {
          "__type__": "a171dSnCXFMRIqs1IWdvgWM",
          "node": {
            "__id__": 26
          },
          "pressedScale": 0.85,
          "transDuration": 0.1
        }
      ],
      "_contentSize": {
        "__type__": "cc.Size",
        "width": 433,
        "height": 155
      },
      "_position": {
        "__type__": "cc.Vec2",
        "x": 283.20000000000005,
        "y": 200
      }
    },
    {
      "__type__": "cc.Node",
      "_name": "Menu",
      "_parent": {
        "__id__": 1
      },
      "_children": [
        {
          "__id__": 28
        },
        {
          "__id__": 29
        }
      ],
      "_components": [
        {
          "__type__": "20f60m+3RlGO7x2/ARzZ6Qc",
          "node": {
            "__id__": 27
          },
          "audioMng": {
            "__id__": 28
          }
        }
      ],
      "_id": "4eda7IeQaJFc46XJj4Ffyk4",
      "_position": {
        "__type__": "cc.Vec2",
        "x": 667,
        "y": 375
      }
    },
    {
      "__type__": "cc.Node",
      "_name": "AudioMng",
      "_parent": {
        "__id__": 27
      },
      "_components": [
        {
          "__type__": "01ca4tStvVH+JmZ5TNcmuAu",
          "node": {
            "__id__": 28
          },
          "buttonAudio": {
            "__uuid__": "9eKuUH+uVFEZQL8uRvgbeQ"
          },
          "bgm": {
            "__uuid__": "49U5ywOJNFmrMQfMG39tM1"
          }
        }
      ]
    },
    {
      "__type__": "cc.Node",
      "_name": "RankList",
      "_parent": {
        "__id__": 27
      },
      "_components": [
        {
          "__type__": "fe3fcIxCFFLrKHg6s5+xRUU",
          "node": {
            "__id__": 29
          },
          "scrollView": {
            "__id__": 30
          },
          "prefabRankItem": {
            "__uuid__": "3ffW8Ujj9DLKU3CcjH4Dt2"
          },
          "rankCount": 6
        }
      ]
    },
    {
      "__type__": "cc.ScrollView",
      "node": {
        "__id__": 31
      },
      "content": {
        "__id__": 35
      },
      "horizontal": false,
      "bounceDuration": 0.3,
      "_N$horizontalScrollBar": null,
      "_N$verticalScrollBar": {
        "__id__": 39
      }
    },
    {
      "__type__": "cc.Node",
      "_name": "scrollView",
      "_parent": {
        "__id__": 32
      },
      "_children": [
        {
          "__id__": 34
        },
        {
          "__id__": 36
        }
      ],
      "_components": [
        {
          "__id__": 30
        }
      ],
      "_contentSize": {
        "__type__": "cc.Size",
        "width": 504,
        "height": 400
      },
      "_position": {
        "__type__": "cc.Vec2",
        "y": -22
      }
    },
    {
      "__type__": "cc.Node",
      "_name": "rankList",
      "_parent": {
        "__id__": 25
      },
      "_children": [
        {
          "__id__": 33
        },
        {
          "__id__": 31
        }
      ],
      "_components": [
        {
          "__type__": "cc.Widget",
          "node": {
            "__id__": 32
          },
          "_alignFlags": 32,
          "_right": 0.52,
          "_isAbsRight": false
        },
        {
          "__type__": "cc.Sprite",
          "node": {
            "__id__": 32
          },
          "_spriteFrame": {
            "__uuid__": "cafdc9UmpMhZcC61HpO52Z"
          },
          "_type": 1,
          "_sizeMode": 0
        }
      ],
      "_color": {
        "__type__": "cc.Color",
        "r": 184,
        "g": 184,
        "b": 184
      },
      "_contentSize": {
        "__type__": "cc.Size",
        "width": 504,
        "height": 500
      },
      "_position": {
        "__type__": "cc.Vec2",
        "x": -278.68000000000006,
        "y": 31
      }
    },
    {
      "__type__": "cc.Node",
      "_name": "rankinglist_title",
      "_parent": {
        "__id__": 32
      },
      "_components": [
        {
          "__type__": "cc.Sprite",
          "node": {
            "__id__": 33
          },
          "_spriteFrame": {
            "__uuid__": "a8sHzPEydJMbIa0yfNDizc"
          }
        }
      ],
      "_contentSize": {
        "__type__": "cc.Size",
        "width": 128,
        "height": 32
      },
      "_position": {
        "__type__": "cc.Vec2",
        "x": -159,
        "y": 213
      }
    },
    {
      "__type__": "cc.Node",
      "_name": "view",
      "_parent": {
        "__id__": 31
      },
      "_children": [
        {
          "__id__": 35
        }
      ],
      "_components": [
        {
          "__type__": "cc.Mask",
          "node": {
            "__id__": 34
          }
        }
      ],
      "_contentSize": {
        "__type__": "cc.Size",
        "width": 500,
        "height": 400
      },
      "_position": {
        "__type__": "cc.Vec2",
        "x": -122
      }
    },
    {
      "__type__": "cc.Node",
      "_name": "content",
      "_parent": {
        "__id__": 34
      },
      "_components": [
        {
          "__type__": "cc.Layout",
          "node": {
            "__id__": 35
          },
          "_layoutSize": {
            "__type__": "cc.Size",
            "width": 500,
            "height": 18
          },
          "_N$layoutType": 2,
          "_N$spacingY": 2
        },
        {
          "__type__": "cc.Widget",
          "node": {
            "__id__": 35
          },
          "_alignFlags": 40,
          "_originalWidth": 500
        }
      ],
      "_anchorPoint": {
        "__type__": "cc.Vec2",
        "x": 0.5,
        "y": 1
      },
      "_contentSize": {
        "__type__": "cc.Size",
        "width": 500,
        "height": 18
      },
      "_position": {
        "__type__": "cc.Vec2",
        "y": 200
      }
    },
    {
      "__type__": "cc.Node",
      "_name": "scrollbar",
      "_parent": {
        "__id__": 31
      },
      "_children": [
        {
          "__id__": 37
        }
      ],
      "_components": [
        {
          "__type__": "cc.Sprite",
          "node": {
            "__id__": 36
          },
          "_spriteFrame": {
            "__uuid__": "8855/VlrRKd6H0MSRnFxAU"
          },
          "_sizeMode": 0
        },
        {
          "__id__": 39
        }
      ],
      "_contentSize": {
        "__type__": "cc.Size",
        "width": 20,
        "height": 400
      },
      "_position": {
        "__type__": "cc.Vec2",
        "x": 235,
        "y": -1
      }
    },
    {
      "__type__": "cc.Node",
      "_name": "bar",
      "_parent": {
        "__id__": 36
      },
      "_components": [
        {
          "__id__": 38
        }
      ],
      "_contentSize": {
        "__type__": "cc.Size",
        "width": 20,
        "height": 380
      }
    },
    {
      "__type__": "cc.Sprite",
      "node": {
        "__id__": 37
      },
      "_spriteFrame": {
        "__uuid__": "675ovJ2tVK2aLYfgPUWOMv"
      },
      "_type": 1,
      "_sizeMode": 0
    },
    {
      "__type__": "cc.Scrollbar",
      "node": {
        "__id__": 36
      },
      "_scrollView": {
        "__id__": 30
      },
      "_N$handle": {
        "__id__": 38
      },
      "_N$direction": 1
    },
    {
      "__type__": "cc.Node",
      "_name": "btnAdvance",
      "_parent": {
        "__id__": 25
      },
      "_components": [
        {
          "__type__": "cc.Widget",
          "node": {
            "__id__": 40
          },
          "_alignFlags": 8,
          "_left": 0.55,
          "_isAbsLeft": false
        },
        {
          "__type__": "cc.Sprite",
          "node": {
            "__id__": 40
          },
          "_spriteFrame": {
            "__uuid__": "93V1DuKiVNYKEPBrMADiir"
          }
        },
        {
          "__type__": "cc.Button",
          "node": {
            "__id__": 40
          },
          "pressedColor": {
            "__type__": "cc.Color",
            "r": 255,
            "g": 255,
            "b": 255
          },
          "clickEvents": [
            {
              "__type__": "cc.ClickEvent",
              "target": {
                "__id__": 27
              },
              "component": "Menu",
              "handler": "playGame"
            }
          ],
          "_N$normalColor": {
            "__type__": "cc.Color",
            "r": 255,
            "g": 255,
            "b": 255
          },
          "_N$disabledColor": {
            "__type__": "cc.Color",
            "r": 255,
            "g": 255,
            "b": 255
          },
          "_N$normalSprite": {
            "__uuid__": "f0BIwQ8D5Ml7nTNQbh1YlS"
          },
          "_N$pressedSprite": {
            "__uuid__": "e97GVMl6JHh5Ml5qEDdSGa"
          },
          "pressedSprite": {
            "__uuid__": "e97GVMl6JHh5Ml5qEDdSGa"
          },
          "_N$hoverSprite": {
            "__uuid__": "e97GVMl6JHh5Ml5qEDdSGa"
          },
          "hoverSprite": {
            "__uuid__": "e97GVMl6JHh5Ml5qEDdSGa"
          },
          "_N$disabledSprite": {
            "__uuid__": "29FYIk+N1GYaeWH/q1NxQO"
          },
          "_N$target": {
            "__id__": 40
          }
        },
        {
          "__type__": "a171dSnCXFMRIqs1IWdvgWM",
          "node": {
            "__id__": 40
          },
          "pressedScale": 0.85,
          "transDuration": 0.1
        }
      ],
      "_contentSize": {
        "__type__": "cc.Size",
        "width": 433,
        "height": 160
      },
      "_position": {
        "__type__": "cc.Vec2",
        "x": 283.20000000000005,
        "y": 30
      }
    },
    {
      "__type__": "cc.Node",
      "_name": "btnTournament",
      "_parent": {
        "__id__": 25
      },
      "_components": [
        {
          "__type__": "cc.Widget",
          "node": {
            "__id__": 41
          },
          "_alignFlags": 8,
          "_left": 0.55,
          "_isAbsLeft": false
        },
        {
          "__type__": "cc.Sprite",
          "node": {
            "__id__": 41
          },
          "_spriteFrame": {
            "__uuid__": "7d4k6EIb1DS4yisDHcu0OO"
          }
        },
        {
          "__type__": "cc.Button",
          "node": {
            "__id__": 41
          },
          "pressedColor": {
            "__type__": "cc.Color",
            "r": 255,
            "g": 255,
            "b": 255
          },
          "clickEvents": [
            {
              "__type__": "cc.ClickEvent",
              "target": {
                "__id__": 27
              },
              "component": "Menu",
              "handler": "playGame"
            }
          ],
          "_N$normalColor": {
            "__type__": "cc.Color",
            "r": 255,
            "g": 255,
            "b": 255
          },
          "_N$disabledColor": {
            "__type__": "cc.Color",
            "r": 255,
            "g": 255,
            "b": 255
          },
          "_N$normalSprite": {
            "__uuid__": "f0BIwQ8D5Ml7nTNQbh1YlS"
          },
          "_N$pressedSprite": {
            "__uuid__": "e97GVMl6JHh5Ml5qEDdSGa"
          },
          "pressedSprite": {
            "__uuid__": "e97GVMl6JHh5Ml5qEDdSGa"
          },
          "_N$hoverSprite": {
            "__uuid__": "e97GVMl6JHh5Ml5qEDdSGa"
          },
          "hoverSprite": {
            "__uuid__": "e97GVMl6JHh5Ml5qEDdSGa"
          },
          "_N$disabledSprite": {
            "__uuid__": "29FYIk+N1GYaeWH/q1NxQO"
          },
          "_N$target": {
            "__id__": 41
          }
        },
        {
          "__type__": "a171dSnCXFMRIqs1IWdvgWM",
          "node": {
            "__id__": 41
          },
          "pressedScale": 0.85,
          "transDuration": 0.1
        }
      ],
      "_contentSize": {
        "__type__": "cc.Size",
        "width": 432,
        "height": 155
      },
      "_position": {
        "__type__": "cc.Vec2",
        "x": 282.70000000000005,
        "y": -150
      }
    },
    {
      "__type__": "cc.Node",
      "_name": "update",
      "_parent": {
        "__id__": 2
      },
      "_children": [
        {
          "__id__": 43
        },
        {
          "__id__": 44
        }
      ],
      "_components": [
        {
          "__type__": "cc.Widget",
          "node": {
            "__id__": 42
          },
          "_alignFlags": 45,
          "_left": -257,
          "_right": 257,
          "_top": -15,
          "_bottom": 15
        }
      ],
      "_contentSize": {
        "__type__": "cc.Size",
        "width": 1334,
        "height": 750
      },
      "_position": {
        "__type__": "cc.Vec2",
        "x": -257,
        "y": 15
      }
    },
    {
      "__type__": "cc.Node",
      "_name": "background_mask",
      "_parent": {
        "__id__": 42
      },
      "_components": [
        {
          "__type__": "cc.Sprite",
          "node": {
            "__id__": 43
          },
          "_spriteFrame": {
            "__uuid__": "7dHU5gq6JI6IX4jjKPNOfM"
          },
          "_type": 1,
          "_sizeMode": 0
        },
        {
          "__type__": "cc.Widget",
          "node": {
            "__id__": 43
          },
          "_alignFlags": 45,
          "_originalWidth": 54,
          "_originalHeight": 81
        }
      ],
      "_opacity": 207.315,
      "_contentSize": {
        "__type__": "cc.Size",
        "width": 1334,
        "height": 750
      }
    },
    {
      "__type__": "cc.Node",
      "_name": "update_panel",
      "_parent": {
        "__id__": 42
      },
      "_children": [
        {
          "__id__": 45
        },
        {
          "__id__": 46
        },
        {
          "__id__": 47
        },
        {
          "__id__": 48
        },
        {
          "__id__": 52
        },
        {
          "__id__": 53
        },
        {
          "__id__": 57
        },
        {
          "__id__": 59
        },
        {
          "__id__": 61
        },
        {
          "__id__": 63
        },
        {
          "__id__": 65
        },
        {
          "__id__": 67
        },
        {
          "__id__": 69
        }
      ],
      "_components": [
        {
          "__type__": "cc.Sprite",
          "node": {
            "__id__": 44
          },
          "_spriteFrame": {
            "__uuid__": "cafdc9UmpMhZcC61HpO52Z"
          },
          "_type": 1,
          "_sizeMode": 0
        },
        {
          "__id__": 71
        }
      ],
      "_contentSize": {
        "__type__": "cc.Size",
        "width": 800,
        "height": 600
      }
    },
    {
      "__type__": "cc.Node",
      "_name": "close",
      "_parent": {
        "__id__": 44
      },
      "_components": [
        {
          "__type__": "cc.Sprite",
          "node": {
            "__id__": 45
          },
          "_spriteFrame": {
            "__uuid__": "60NfrGUghOC76nYv+fsTOL"
          }
        }
      ],
      "_contentSize": {
        "__type__": "cc.Size",
        "width": 33,
        "height": 48
      },
      "_position": {
        "__type__": "cc.Vec2",
        "x": -356,
        "y": 265
      }
    },
    {
      "__type__": "cc.Node",
      "_name": "update_title",
      "_parent": {
        "__id__": 44
      },
      "_components": [
        {
          "__type__": "cc.Label",
          "node": {
            "__id__": 46
          },
          "_useOriginalSize": false,
          "_N$string": "热更新信息",
          "_N$horizontalAlign": 1,
          "_N$verticalAlign": 1
        }
      ],
      "_contentSize": {
        "__type__": "cc.Size",
        "width": 200,
        "height": 40
      },
      "_position": {
        "__type__": "cc.Vec2",
        "y": 267
      }
    },
    {
      "__type__": "cc.Node",
      "_name": "label1",
      "_parent": {
        "__id__": 44
      },
      "_components": [
        {
          "__type__": "cc.Label",
          "node": {
            "__id__": 47
          },
          "_useOriginalSize": false,
          "_isSystemFontUsed": false,
          "_N$string": "File",
          "_N$horizontalAlign": 1,
          "_N$verticalAlign": 1,
          "_N$overflow": 1
        }
      ],
      "_contentSize": {
        "__type__": "cc.Size",
        "width": 150,
        "height": 40
      },
      "_position": {
        "__type__": "cc.Vec2",
        "x": -260,
        "y": 150
      }
    },
    {
      "__type__": "cc.Node",
      "_name": "fileProgress",
      "_parent": {
        "__id__": 44
      },
      "_children": [
        {
          "__id__": 49
        }
      ],
      "_components": [
        {
          "__type__": "cc.Sprite",
          "node": {
            "__id__": 48
          },
          "_spriteFrame": {
            "__uuid__": "02KoCrTN5Cyp4EiiN0XPE4"
          },
          "_type": 1,
          "_sizeMode": 0
        },
        {
          "__id__": 51
        }
      ],
      "_contentSize": {
        "__type__": "cc.Size",
        "width": 500,
        "height": 40
      },
      "_position": {
        "__type__": "cc.Vec2",
        "x": 80,
        "y": 150
      }
    },
    {
      "__type__": "cc.Node",
      "_name": "bar",
      "_parent": {
        "__id__": 48
      },
      "_components": [
        {
          "__id__": 50
        }
      ],
      "_anchorPoint": {
        "__type__": "cc.Vec2",
        "y": 0.5
      },
      "_contentSize": {
        "__type__": "cc.Size",
        "width": 250,
        "height": 35
      },
      "_position": {
        "__type__": "cc.Vec2",
        "x": -250,
        "y": 1.8
      }
    },
    {
      "__type__": "cc.Sprite",
      "node": {
        "__id__": 49
      },
      "_spriteFrame": {
        "__uuid__": "7dHU5gq6JI6IX4jjKPNOfM"
      },
      "_type": 1,
      "_sizeMode": 0
    },
    {
      "__type__": "cc.ProgressBar",
      "node": {
        "__id__": 48
      },
      "_N$totalLength": 500,
      "_N$barSprite": {
        "__id__": 50
      },
      "_N$progress": 0.5
    },
    {
      "__type__": "cc.Node",
      "_name": "label2",
      "_parent": {
        "__id__": 44
      },
      "_components": [
        {
          "__type__": "cc.Label",
          "node": {
            "__id__": 52
          },
          "_useOriginalSize": false,
          "_isSystemFontUsed": false,
          "_N$string": "Byte",
          "_N$horizontalAlign": 1,
          "_N$verticalAlign": 1,
          "_N$overflow": 1
        }
      ],
      "_contentSize": {
        "__type__": "cc.Size",
        "width": 150,
        "height": 40
      },
      "_position": {
        "__type__": "cc.Vec2",
        "x": -260,
        "y": 40
      }
    },
    {
      "__type__": "cc.Node",
      "_name": "byteProgress",
      "_parent": {
        "__id__": 44
      },
      "_children": [
        {
          "__id__": 54
        }
      ],
      "_components": [
        {
          "__type__": "cc.Sprite",
          "node": {
            "__id__": 53
          },
          "_spriteFrame": {
            "__uuid__": "02KoCrTN5Cyp4EiiN0XPE4"
          },
          "_type": 1,
          "_sizeMode": 0
        },
        {
          "__id__": 56
        }
      ],
      "_contentSize": {
        "__type__": "cc.Size",
        "width": 500,
        "height": 40
      },
      "_position": {
        "__type__": "cc.Vec2",
        "x": 80,
        "y": 40
      }
    },
    {
      "__type__": "cc.Node",
      "_name": "bar",
      "_parent": {
        "__id__": 53
      },
      "_components": [
        {
          "__id__": 55
        }
      ],
      "_anchorPoint": {
        "__type__": "cc.Vec2",
        "y": 0.5
      },
      "_contentSize": {
        "__type__": "cc.Size",
        "width": 250,
        "height": 35
      },
      "_position": {
        "__type__": "cc.Vec2",
        "x": -250,
        "y": 1.8
      }
    },
    {
      "__type__": "cc.Sprite",
      "node": {
        "__id__": 54
      },
      "_spriteFrame": {
        "__uuid__": "7dHU5gq6JI6IX4jjKPNOfM"
      },
      "_type": 1,
      "_sizeMode": 0
    },
    {
      "__type__": "cc.ProgressBar",
      "node": {
        "__id__": 53
      },
      "_N$totalLength": 500,
      "_N$barSprite": {
        "__id__": 55
      },
      "_N$progress": 0.5
    },
    {
      "__type__": "cc.Node",
      "_name": "info",
      "_parent": {
        "__id__": 44
      },
      "_components": [
        {
          "__id__": 58
        }
      ],
      "_contentSize": {
        "__type__": "cc.Size",
        "width": 600,
        "height": 100
      },
      "_position": {
        "__type__": "cc.Vec2",
        "y": -111
      }
    },
    {
      "__type__": "cc.Label",
      "node": {
        "__id__": 57
      },
      "_useOriginalSize": false,
      "_actualFontSize": 22,
      "_fontSize": 22,
      "_lineHeight": 26,
      "_isSystemFontUsed": false,
      "_N$string": "Infomations:",
      "_N$verticalAlign": 1,
      "_N$overflow": 1
    },
    {
      "__type__": "cc.Node",
      "_name": "check_btn",
      "_parent": {
        "__id__": 44
      },
      "_children": [
        {
          "__id__": 60
        }
      ],
      "_components": [
        {
          "__type__": "cc.Widget",
          "node": {
            "__id__": 59
          }
        },
        {
          "__type__": "cc.Sprite",
          "node": {
            "__id__": 59
          },
          "_spriteFrame": {
            "__uuid__": "c0FGbqcoNPzrYVTueMd0rw"
          },
          "_type": 1,
          "_sizeMode": 0
        },
        {
          "__type__": "cc.Button",
          "node": {
            "__id__": 59
          },
          "pressedColor": {
            "__type__": "cc.Color",
            "r": 255,
            "g": 255,
            "b": 255
          },
          "clickEvents": [
            {
              "__type__": "cc.ClickEvent",
              "target": {
                "__id__": 2
              },
              "component": "HotUpdate",
              "handler": "checkUpdate"
            }
          ],
          "_N$normalColor": {
            "__type__": "cc.Color",
            "r": 255,
            "g": 255,
            "b": 255
          },
          "_N$disabledColor": {
            "__type__": "cc.Color",
            "r": 255,
            "g": 255,
            "b": 255
          },
          "_N$normalSprite": {
            "__uuid__": "c0FGbqcoNPzrYVTueMd0rw"
          },
          "_N$pressedSprite": {
            "__uuid__": "e97GVMl6JHh5Ml5qEDdSGa"
          },
          "pressedSprite": {
            "__uuid__": "e97GVMl6JHh5Ml5qEDdSGa"
          },
          "_N$hoverSprite": {
            "__uuid__": "e97GVMl6JHh5Ml5qEDdSGa"
          },
          "hoverSprite": {
            "__uuid__": "e97GVMl6JHh5Ml5qEDdSGa"
          },
          "_N$disabledSprite": {
            "__uuid__": "29FYIk+N1GYaeWH/q1NxQO"
          },
          "_N$target": {
            "__id__": 59
          }
        },
        {
          "__type__": "a171dSnCXFMRIqs1IWdvgWM",
          "node": {
            "__id__": 59
          },
          "pressedScale": 0.8,
          "transDuration": 0.1
        }
      ],
      "_contentSize": {
        "__type__": "cc.Size",
        "width": 250,
        "height": 100
      },
      "_position": {
        "__type__": "cc.Vec2",
        "x": -160,
        "y": -220
      }
    },
    {
      "__type__": "cc.Node",
      "_name": "Label",
      "_parent": {
        "__id__": 59
      },
      "_components": [
        {
          "__type__": "cc.Label",
          "node": {
            "__id__": 60
          },
          "_useOriginalSize": false,
          "_actualFontSize": 30,
          "_fontSize": 30,
          "_N$string": "检查更新",
          "_N$horizontalAlign": 1,
          "_N$verticalAlign": 1
        }
      ],
      "_color": {
        "__type__": "cc.Color"
      },
      "_contentSize": {
        "__type__": "cc.Size",
        "width": 120,
        "height": 40
      },
      "_position": {
        "__type__": "cc.Vec2",
        "y": 11
      }
    },
    {
      "__type__": "cc.Node",
      "_name": "update_btn",
      "_parent": {
        "__id__": 44
      },
      "_children": [
        {
          "__id__": 62
        }
      ],
      "_components": [
        {
          "__type__": "cc.Widget",
          "node": {
            "__id__": 61
          }
        },
        {
          "__type__": "cc.Sprite",
          "node": {
            "__id__": 61
          },
          "_spriteFrame": {
            "__uuid__": "c0FGbqcoNPzrYVTueMd0rw"
          },
          "_type": 1,
          "_sizeMode": 0
        },
        {
          "__type__": "cc.Button",
          "node": {
            "__id__": 61
          },
          "pressedColor": {
            "__type__": "cc.Color",
            "r": 255,
            "g": 255,
            "b": 255
          },
          "clickEvents": [
            {
              "__type__": "cc.ClickEvent",
              "target": {
                "__id__": 2
              },
              "component": "HotUpdate",
              "handler": "hotUpdate"
            }
          ],
          "_N$normalColor": {
            "__type__": "cc.Color",
            "r": 255,
            "g": 255,
            "b": 255
          },
          "_N$disabledColor": {
            "__type__": "cc.Color",
            "r": 255,
            "g": 255,
            "b": 255
          },
          "_N$normalSprite": {
            "__uuid__": "c0FGbqcoNPzrYVTueMd0rw"
          },
          "_N$pressedSprite": {
            "__uuid__": "e97GVMl6JHh5Ml5qEDdSGa"
          },
          "pressedSprite": {
            "__uuid__": "e97GVMl6JHh5Ml5qEDdSGa"
          },
          "_N$hoverSprite": {
            "__uuid__": "e97GVMl6JHh5Ml5qEDdSGa"
          },
          "hoverSprite": {
            "__uuid__": "e97GVMl6JHh5Ml5qEDdSGa"
          },
          "_N$disabledSprite": {
            "__uuid__": "29FYIk+N1GYaeWH/q1NxQO"
          },
          "_N$target": {
            "__id__": 61
          }
        },
        {
          "__type__": "a171dSnCXFMRIqs1IWdvgWM",
          "node": {
            "__id__": 61
          },
          "pressedScale": 0.8,
          "transDuration": 0.1
        }
      ],
      "_contentSize": {
        "__type__": "cc.Size",
        "width": 250,
        "height": 100
      },
      "_position": {
        "__type__": "cc.Vec2",
        "x": 160,
        "y": -220
      }
    },
    {
      "__type__": "cc.Node",
      "_name": "Label",
      "_parent": {
        "__id__": 61
      },
      "_components": [
        {
          "__type__": "cc.Label",
          "node": {
            "__id__": 62
          },
          "_useOriginalSize": false,
          "_fontSize": 30,
          "_enableWrapText": false,
          "_N$string": "立即更新",
          "_N$horizontalAlign": 1,
          "_N$verticalAlign": 1
        }
      ],
      "_color": {
        "__type__": "cc.Color"
      },
      "_contentSize": {
        "__type__": "cc.Size",
        "width": 120,
        "height": 40
      },
      "_position": {
        "__type__": "cc.Vec2",
        "y": 11
      }
    },
    {
      "__type__": "cc.Node",
      "_name": "retry_btn",
      "_parent": {
        "__id__": 44
      },
      "_children": [
        {
          "__id__": 64
        }
      ],
      "_active": false,
      "_components": [
        {
          "__type__": "cc.Widget",
          "node": {
            "__id__": 63
          }
        },
        {
          "__type__": "cc.Sprite",
          "node": {
            "__id__": 63
          },
          "_spriteFrame": {
            "__uuid__": "c0FGbqcoNPzrYVTueMd0rw"
          },
          "_type": 1,
          "_sizeMode": 0
        },
        {
          "__type__": "cc.Button",
          "node": {
            "__id__": 63
          },
          "pressedColor": {
            "__type__": "cc.Color",
            "r": 255,
            "g": 255,
            "b": 255
          },
          "clickEvents": [
            {
              "__type__": "cc.ClickEvent",
              "target": {
                "__id__": 2
              },
              "component": "HotUpdate",
              "handler": "retry"
            }
          ],
          "_N$normalColor": {
            "__type__": "cc.Color",
            "r": 255,
            "g": 255,
            "b": 255
          },
          "_N$disabledColor": {
            "__type__": "cc.Color",
            "r": 255,
            "g": 255,
            "b": 255
          },
          "_N$normalSprite": {
            "__uuid__": "c0FGbqcoNPzrYVTueMd0rw"
          },
          "_N$pressedSprite": {
            "__uuid__": "e97GVMl6JHh5Ml5qEDdSGa"
          },
          "pressedSprite": {
            "__uuid__": "e97GVMl6JHh5Ml5qEDdSGa"
          },
          "_N$hoverSprite": {
            "__uuid__": "e97GVMl6JHh5Ml5qEDdSGa"
          },
          "hoverSprite": {
            "__uuid__": "e97GVMl6JHh5Ml5qEDdSGa"
          },
          "_N$disabledSprite": {
            "__uuid__": "29FYIk+N1GYaeWH/q1NxQO"
          },
          "_N$target": {
            "__id__": 63
          }
        },
        {
          "__type__": "a171dSnCXFMRIqs1IWdvgWM",
          "node": {
            "__id__": 63
          },
          "pressedScale": 0.8,
          "transDuration": 0.1
        }
      ],
      "_contentSize": {
        "__type__": "cc.Size",
        "width": 250,
        "height": 100
      },
      "_position": {
        "__type__": "cc.Vec2",
        "x": 160,
        "y": -220
      }
    },
    {
      "__type__": "cc.Node",
      "_name": "Label",
      "_parent": {
        "__id__": 63
      },
      "_components": [
        {
          "__type__": "cc.Label",
          "node": {
            "__id__": 64
          },
          "_useOriginalSize": false,
          "_actualFontSize": 30,
          "_fontSize": 30,
          "_N$string": "重试更新",
          "_N$horizontalAlign": 1,
          "_N$verticalAlign": 1
        }
      ],
      "_color": {
        "__type__": "cc.Color"
      },
      "_contentSize": {
        "__type__": "cc.Size",
        "width": 120,
        "height": 40
      },
      "_position": {
        "__type__": "cc.Vec2",
        "y": 11
      }
    },
    {
      "__type__": "cc.Node",
      "_name": "filep",
      "_parent": {
        "__id__": 44
      },
      "_components": [
        {
          "__id__": 66
        }
      ],
      "_contentSize": {
        "__type__": "cc.Size",
        "width": 150,
        "height": 40
      },
      "_position": {
        "__type__": "cc.Vec2",
        "y": 94
      }
    },
    {
      "__type__": "cc.Label",
      "node": {
        "__id__": 65
      },
      "_useOriginalSize": false,
      "_isSystemFontUsed": false,
      "_N$string": "/",
      "_N$horizontalAlign": 1,
      "_N$verticalAlign": 1,
      "_N$overflow": 1
    },
    {
      "__type__": "cc.Node",
      "_name": "bytep",
      "_parent": {
        "__id__": 44
      },
      "_components": [
        {
          "__id__": 68
        }
      ],
      "_contentSize": {
        "__type__": "cc.Size",
        "width": 300,
        "height": 40
      },
      "_position": {
        "__type__": "cc.Vec2",
        "y": -20
      }
    },
    {
      "__type__": "cc.Label",
      "node": {
        "__id__": 67
      },
      "_useOriginalSize": false,
      "_actualFontSize": 28,
      "_fontSize": 28,
      "_isSystemFontUsed": false,
      "_N$string": "/",
      "_N$horizontalAlign": 1,
      "_N$verticalAlign": 1,
      "_N$overflow": 1
    },
    {
      "__type__": "cc.Node",
      "_name": "update_btn",
      "_parent": {
        "__id__": 44
      },
      "_children": [
        {
          "__id__": 70
        }
      ],
      "_components": [
        {
          "__type__": "cc.Widget",
          "node": {
            "__id__": 69
          }
        },
        {
          "__type__": "cc.Sprite",
          "node": {
            "__id__": 69
          },
          "_spriteFrame": {
            "__uuid__": "c0FGbqcoNPzrYVTueMd0rw"
          },
          "_type": 1,
          "_sizeMode": 0
        },
        {
          "__type__": "cc.Button",
          "node": {
            "__id__": 69
          },
          "pressedColor": {
            "__type__": "cc.Color",
            "r": 255,
            "g": 255,
            "b": 255
          },
          "clickEvents": [
            {
              "__type__": "cc.ClickEvent",
              "target": {
                "__id__": 2
              },
              "component": "HotUpdate",
              "handler": "loadCustomManifest"
            }
          ],
          "_N$normalColor": {
            "__type__": "cc.Color",
            "r": 255,
            "g": 255,
            "b": 255
          },
          "_N$disabledColor": {
            "__type__": "cc.Color",
            "r": 255,
            "g": 255,
            "b": 255
          },
          "_N$normalSprite": {
            "__uuid__": "c0FGbqcoNPzrYVTueMd0rw"
          },
          "_N$pressedSprite": {
            "__uuid__": "e97GVMl6JHh5Ml5qEDdSGa"
          },
          "pressedSprite": {
            "__uuid__": "e97GVMl6JHh5Ml5qEDdSGa"
          },
          "_N$hoverSprite": {
            "__uuid__": "e97GVMl6JHh5Ml5qEDdSGa"
          },
          "hoverSprite": {
            "__uuid__": "e97GVMl6JHh5Ml5qEDdSGa"
          },
          "_N$disabledSprite": {
            "__uuid__": "29FYIk+N1GYaeWH/q1NxQO"
          },
          "_N$target": {
            "__id__": 69
          }
        },
        {
          "__type__": "a171dSnCXFMRIqs1IWdvgWM",
          "node": {
            "__id__": 69
          },
          "pressedScale": 0.8,
          "transDuration": 0.1
        }
      ],
      "_contentSize": {
        "__type__": "cc.Size",
        "width": 200,
        "height": 60
      },
      "_position": {
        "__type__": "cc.Vec2",
        "x": 260,
        "y": 266
      }
    },
    {
      "__type__": "cc.Node",
      "_name": "Label",
      "_parent": {
        "__id__": 69
      },
      "_components": [
        {
          "__type__": "cc.Label",
          "node": {
            "__id__": 70
          },
          "_useOriginalSize": false,
          "_actualFontSize": 20,
          "_fontSize": 20,
          "_N$string": "使用自定义配置",
          "_N$horizontalAlign": 1,
          "_N$verticalAlign": 1
        }
      ],
      "_color": {
        "__type__": "cc.Color"
      },
      "_contentSize": {
        "__type__": "cc.Size",
        "width": 140,
        "height": 40
      },
      "_position": {
        "__type__": "cc.Vec2",
        "y": 4
      }
    },
    {
      "__type__": "2db08jFZqNN+rw8vpeF4j70",
      "node": {
        "__id__": 44
      },
      "info": {
        "__id__": 58
      },
      "fileProgress": {
        "__id__": 51
      },
      "fileLabel": {
        "__id__": 66
      },
      "byteProgress": {
        "__id__": 56
      },
      "byteLabel": {
        "__id__": 68
      },
      "close": {
        "__id__": 45
      },
      "checkBtn": {
        "__id__": 59
      },
      "retryBtn": {
        "__id__": 63
      },
      "updateBtn": {
        "__id__": 61
      }
    },
    {
      "__type__": "cc.Node",
      "_name": "userPhoto",
      "_parent": {
        "__id__": 2
      },
      "_children": [
        {
          "__id__": 73
        }
      ],
      "_components": [
        {
          "__type__": "cc.Sprite",
          "node": {
            "__id__": 72
          },
          "_spriteFrame": {
            "__uuid__": "11yLJ+KaBML6wxA6LleTt8"
          }
        },
        {
          "__type__": "cc.Widget",
          "node": {
            "__id__": 72
          },
          "_alignFlags": 36,
          "_right": 546.3199999999999,
          "_bottom": 301.4
        }
      ],
      "_contentSize": {
        "__type__": "cc.Size",
        "width": 129,
        "height": 130
      },
      "_scaleX": 1.84,
      "_scaleY": 1.84,
      "_position": {
        "__type__": "cc.Vec2",
        "x": 2.000000000000057,
        "y": 45.999999999999986
      }
    },
    {
      "__type__": "cc.Node",
      "_name": "photoFrame",
      "_parent": {
        "__id__": 72
      },
      "_components": [
        {
          "__type__": "cc.Sprite",
          "node": {
            "__id__": 73
          },
          "_spriteFrame": {
            "__uuid__": "2emy3AZbRE5bYk1h2p7hCV"
          },
          "_sizeMode": 0
        }
      ],
      "_contentSize": {
        "__type__": "cc.Size",
        "width": 143,
        "height": 142
      },
      "_position": {
        "__type__": "cc.Vec2",
        "x": 1,
        "y": -3
      }
    }
  ],
  {
    "__type__": "cc.SpriteFrame",
    "content": {
      "name": "button_jjc",
      "texture": "3c7bi0hTJAN6AOuNPgATFY",
      "rect": [
        0,
        0,
        433,
        160
      ],
      "offset": [
        0,
        0
      ],
      "originalSize": [
        433,
        160
      ]
    }
  },
  {
    "__type__": "cc.SpriteFrame",
    "content": {
      "name": "bg_changjing",
      "texture": "aeTiGIK3tCqYXhj7mHYAsE",
      "rect": [
        0,
        0,
        1334,
        750
      ],
      "offset": [
        0,
        0
      ],
      "originalSize": [
        1334,
        750
      ]
    }
  },
  {
    "__type__": "cc.SpriteFrame",
    "content": {
      "name": "rankinglist_title",
      "texture": "cayvqF2OlHFrzbfrpFfkCc",
      "rect": [
        0,
        0,
        128,
        32
      ],
      "offset": [
        0,
        0
      ],
      "originalSize": [
        128,
        32
      ]
    }
  },
  {
    "__type__": "cc.SpriteFrame",
    "content": {
      "name": "button_orange",
      "texture": "34Was2eCxMTorvcoCv+LJy",
      "rect": [
        0,
        0,
        240,
        95
      ],
      "offset": [
        0,
        0
      ],
      "originalSize": [
        240,
        95
      ]
    }
  },
  {
    "__type__": "cc.SpriteFrame",
    "content": {
      "name": "icon_rule",
      "texture": "151fPw+WVMAJRb0sj67ni2",
      "rect": [
        0,
        0,
        53,
        61
      ],
      "offset": [
        0,
        0
      ],
      "originalSize": [
        53,
        61
      ]
    }
  },
  {
    "__type__": "cc.SpriteFrame",
    "content": {
      "name": "bg_rankinglist",
      "texture": "70D6oXEaZGza611pALwmT4",
      "rect": [
        0,
        0,
        504,
        144
      ],
      "offset": [
        0,
        0
      ],
      "originalSize": [
        504,
        144
      ],
      "capInsets": [
        36,
        69,
        36,
        36
      ]
    }
  },
  {
    "__type__": "cc.SpriteFrame",
    "content": {
      "name": "bg_gold",
      "texture": "4eBsfxcqxOTpDeaD4WkFFW",
      "rect": [
        0,
        0,
        59,
        42
      ],
      "offset": [
        0,
        0
      ],
      "originalSize": [
        59,
        42
      ],
      "capInsets": [
        20,
        0,
        20,
        0
      ]
    }
  },
  {
    "__type__": "cc.SpriteFrame",
    "content": {
      "name": "button_ksks",
      "texture": "fczE2FatRJbZsz6nbmnaEy",
      "rect": [
        0,
        0,
        433,
        155
      ],
      "offset": [
        0,
        0
      ],
      "originalSize": [
        433,
        155
      ]
    }
  },
  {
    "__type__": "cc.SpriteFrame",
    "content": {
      "name": "default_btn_pressed",
      "texture": "b4P/PCArtIdIH38t6mlw8Y",
      "rect": [
        0,
        0,
        40,
        40
      ],
      "offset": [
        0,
        0
      ],
      "originalSize": [
        40,
        40
      ],
      "capInsets": [
        11,
        11,
        11,
        7
      ]
    }
  },
  {
    "__type__": "cc.SpriteFrame",
    "content": {
      "name": "bg_icon",
      "texture": "36tupz/0hDDqDHDl6N7+NB",
      "rect": [
        0,
        0,
        84,
        64
      ],
      "offset": [
        0,
        0
      ],
      "originalSize": [
        84,
        64
      ]
    }
  },
  {
    "__type__": "cc.SpriteFrame",
    "content": {
      "name": "default_btn_normal",
      "texture": "e8Ueib+qJEhL6mXAHdnwbi",
      "rect": [
        0,
        0,
        40,
        40
      ],
      "offset": [
        0,
        0
      ],
      "originalSize": [
        40,
        40
      ],
      "capInsets": [
        8,
        11,
        7,
        9
      ]
    }
  }
]