{
  "__type__": "cc.AnimationClip",
  "_name": "chip_toss",
  "_objFlags": 0,
  "_rawFiles": null,
  "_duration": 0.2833333333333333,
  "sample": 60,
  "speed": 1,
  "wrapMode": 1,
  "curveData": {
    "props": {
      "position": [
        {
          "frame": 0,
          "value": [
            0,
            0
          ],
          "motionPath": [
            [
              -260,
              228,
              -52,
              142,
              -407,
              294
            ]
          ]
        },
        {
          "frame": 0.25,
          "value": [
            -586,
            272
          ],
          "motionPath": []
        },
        {
          "frame": 0.26666666666666666,
          "value": [
            -576,
            272
          ],
          "motionPath": []
        },
        {
          "frame": 0.2833333333333333,
          "value": [
            -578,
            274
          ],
          "motionPath": []
        }
      ]
    }
  },
  "events": []
}