{
  "item-states": [
    {
      "folded": false,
      "id": "mount-assets"
    },
    {
      "folded": true,
      "id": "9ec7e3f9-f0f0-4292-8a43-3bc204a792bf"
    },
    {
      "folded": true,
      "id": "5e609672-4ad5-456c-b651-6cecf75b4b3c"
    },
    {
      "folded": true,
      "id": "fad71a85-df76-4b8e-8cab-38963a452803"
    },
    {
      "folded": false,
      "id": "cb4978f7-1c04-4327-9d99-1fa7361f1654"
    },
    {
      "folded": true,
      "id": "24c35ca2-9556-46f7-b1c1-de60f0fd8a97"
    },
    {
      "folded": true,
      "id": "a0181a7b-9c3d-4126-a012-acf5a1e095a2"
    },
    {
      "folded": true,
      "id": "a03846c0-3496-45e4-85fb-abf8073465da"
    },
    {
      "folded": true,
      "id": "92817746-b5d1-4ffa-941c-1440c054a145"
    },
    {
      "folded": true,
      "id": "2cf680bb-4714-4ea7-bdcb-b9d63506b507"
    },
    {
      "folded": true,
      "id": "a821757b-0c78-4228-a80f-f3aee0498aa9"
    },
    {
      "folded": true,
      "id": "2b4284f0-b25e-43b0-951c-551c48a4f79a"
    },
    {
      "folded": true,
      "id": "535bf72e-10b3-44ce-94a5-2346365ac9ed"
    },
    {
      "folded": true,
      "id": "29e66db6-52af-426b-b78a-ec56b51d00ff"
    },
    {
      "folded": true,
      "id": "7517c25a-ead4-451c-b501-1e81d8c699b6"
    },
    {
      "folded": true,
      "id": "2d594377-c1fe-4dc1-b63f-65a21bf7829a"
    },
    {
      "folded": true,
      "id": "83f1ed27-661b-4820-9325-8cce40f41611"
    },
    {
      "folded": true,
      "id": "d18ec412-757c-4ccb-8d2c-115a0adc3391"
    },
    {
      "folded": true,
      "id": "a1fbb14f-73ea-47e2-9c67-ee55bd8e963e"
    },
    {
      "folded": true,
      "id": "c777e4c7-e86a-4963-b99c-9c3f2f947318"
    },
    {
      "folded": true,
      "id": "61032d21-61ff-4173-b1eb-97a7ca4e0b88"
    },
    {
      "folded": true,
      "id": "bfcdfc09-0808-4c35-983f-67e8a07f0e15"
    },
    {
      "folded": true,
      "id": "5b7cf41f-5179-4378-9f98-d47066334894"
    },
    {
      "folded": true,
      "id": "bdd0b891-5751-4b32-afc2-517d695dc70c"
    },
    {
      "folded": true,
      "id": "bc490754-c551-492e-a583-1c5c8de2f448"
    },
    {
      "folded": true,
      "id": "7bfe8068-5bab-4f02-a007-52e98a9bebad"
    },
    {
      "folded": true,
      "id": "a5b3800a-bbae-4699-8940-779e42b65ecb"
    },
    {
      "folded": true,
      "id": "460f436f-e113-4653-a7bf-306ff5b077fd"
    },
    {
      "folded": true,
      "id": "15564538-0e2e-4739-8df4-3d7f8f9d126a"
    },
    {
      "folded": true,
      "id": "a79351c5-208b-4b0c-aa63-8300f5b4ac0d"
    },
    {
      "folded": true,
      "id": "c2ce9288-a562-49d7-8fba-106d0c123978"
    },
    {
      "folded": true,
      "id": "6b658474-f0ef-4629-a5a2-8202060d4dab"
    },
    {
      "folded": true,
      "id": "0b702a3d-407c-45f3-b435-397bab7297cb"
    },
    {
      "folded": true,
      "id": "f7dcbfe5-80b1-4e30-a54a-99bb4e9d0c7f"
    },
    {
      "folded": true,
      "id": "6f820733-fb2f-421d-8727-267a704169e8"
    },
    {
      "folded": true,
      "id": "7c859d8c-0dd0-4360-a1f0-d9d765b7cf2f"
    },
    {
      "folded": true,
      "id": "0ab1f030-dec7-41eb-ac3d-84828b966c6d"
    },
    {
      "folded": true,
      "id": "29434794-9925-4525-a4a1-91a379a18af8"
    },
    {
      "folded": true,
      "id": "7699bda2-47aa-44b8-b01d-bdbf3e8df043"
    },
    {
      "folded": true,
      "id": "000f0b59-6e44-4085-94f9-df774dc4a2a0"
    },
    {
      "folded": true,
      "id": "f11150b0-c540-4ac0-ac6a-ed4055bfcae8"
    },
    {
      "folded": true,
      "id": "e85a779b-ac12-429b-949b-81b87c3417b8"
    },
    {
      "folded": true,
      "id": "66936f1a-4f39-42e6-8d44-0106298edd19"
    },
    {
      "folded": true,
      "id": "6516ced6-a846-40cb-8a87-18ac755f4cba"
    },
    {
      "folded": true,
      "id": "e8ad9c1a-2bd4-481d-bc97-4283cb738d7a"
    },
    {
      "folded": true,
      "id": "db03b25a-2506-43c6-9a57-dd3461777d5b"
    },
    {
      "folded": true,
      "id": "115cd482-42ba-4e38-81b9-82a97ada5971"
    },
    {
      "folded": true,
      "id": "33542cf6-469e-4b02-b57a-f4f805499cb1"
    },
    {
      "folded": true,
      "id": "cc243c7f-e13e-4634-8b6f-75bffbdebd50"
    },
    {
      "folded": true,
      "id": "0b084cb2-d1df-4579-8261-732f5382f3f6"
    },
    {
      "folded": true,
      "id": "d22219f7-b7ad-4f26-b343-ed5369d660e8"
    },
    {
      "folded": true,
      "id": "756d9829-11c2-4f82-b766-63da887e860c"
    },
    {
      "folded": true,
      "id": "4a56c8e6-0945-4211-9e91-7a217fa65cc3"
    },
    {
      "folded": true,
      "id": "72430004-9bff-41eb-9e2c-07ddfebcba23"
    },
    {
      "folded": true,
      "id": "fb40272e-7e52-469d-96da-c6fbce1b7b7e"
    },
    {
      "folded": true,
      "id": "e43e671f-bc95-4ad5-964d-af53fd86fa09"
    },
    {
      "folded": true,
      "id": "36b6ea73-ff48-430e-a0c7-0e5e8defe341"
    },
    {
      "folded": true,
      "id": "cfa54bb4-fdcc-4a3e-8dc1-c633370c4d74"
    },
    {
      "folded": true,
      "id": "b75bc3f0-8099-4ac7-bc29-a88b33003429"
    },
    {
      "folded": true,
      "id": "97a6316c-7fcb-4ffe-9045-35625bc6abf6"
    },
    {
      "folded": true,
      "id": "84a2ba97-f759-4c33-bc31-a62e1c73687d"
    },
    {
      "folded": true,
      "id": "f3852f2a-7720-440e-9f8c-d3c447159648"
    },
    {
      "folded": true,
      "id": "608ec532-a9ba-46bf-a1ef-2bfb544214e3"
    },
    {
      "folded": true,
      "id": "dfad891c-db4b-40e3-a8ae-19fbf2674bf9"
    },
    {
      "folded": true,
      "id": "ec244ee5-6f1f-4920-9b69-d4df0e78ec2d"
    },
    {
      "folded": true,
      "id": "c4d371bf-1552-4c2f-92f2-f3baaf979dd3"
    },
    {
      "folded": true,
      "id": "4e06c7f1-72ac-4e4e-90de-683e16905156"
    },
    {
      "folded": true,
      "id": "2ddfe005-2129-41d8-aeec-2b1f51f02962"
    },
    {
      "folded": true,
      "id": "2c59fc80-c596-4a60-9ad9-08c4b6001986"
    },
    {
      "folded": true,
      "id": "415cc37e-29cf-49d5-9b3b-1d5caf314bbd"
    },
    {
      "folded": true,
      "id": "1e25acaa-b519-4c82-ad70-9c2af560041b"
    },
    {
      "folded": true,
      "id": "26b45f20-2545-4526-8c91-0ef4adb39cbc"
    },
    {
      "folded": true,
      "id": "631b9e63-d100-4c0c-acf5-70f7814f74f5"
    },
    {
      "folded": true,
      "id": "0c96c41c-cdaf-4d23-b9bf-40730c162d0f"
    },
    {
      "folded": true,
      "id": "fc9ebe69-8881-43a2-b7fa-412ae0f3a81a"
    },
    {
      "folded": true,
      "id": "2994d06f-635e-45f2-afba-88e685023581"
    },
    {
      "folded": true,
      "id": "5228ab68-de35-40f9-8d0e-0bbb788078a5"
    },
    {
      "folded": true,
      "id": "c7847830-3370-4dca-91ff-8bd803bc8045"
    },
    {
      "folded": true,
      "id": "ff2cd03a-0d52-4669-b710-624058f93193"
    },
    {
      "folded": true,
      "id": "e2262304-4d8b-496b-8488-a1a9b88cad06"
    },
    {
      "folded": true,
      "id": "7a3266c2-4084-42a5-b95a-b7e17b904034"
    },
    {
      "folded": true,
      "id": "96e3e293-4e36-426d-a0a6-eb8d025c0d5b"
    },
    {
      "folded": true,
      "id": "a0a59931-2040-4e34-8eaa-89a66af83413"
    },
    {
      "folded": true,
      "id": "ce6d2de9-7056-4ba8-a1b1-40b00bb6f469"
    },
    {
      "folded": true,
      "id": "821e4b5c-b4e8-4d41-89c3-5ad4f591caec"
    },
    {
      "folded": true,
      "id": "a85f8728-5538-4b56-9320-60d852462051"
    },
    {
      "folded": true,
      "id": "0ed8cf6e-8c04-4569-8d17-626a26e1099f"
    },
    {
      "folded": true,
      "id": "7676c87e-bd35-4f40-989d-f3f76827160e"
    },
    {
      "folded": true,
      "id": "247f822c-3b67-4de2-abce-d4bb9e4848eb"
    },
    {
      "folded": true,
      "id": "83cc2086-d713-47a0-8d86-a8d6068b6258"
    },
    {
      "folded": true,
      "id": "da3e556f-1bce-4c31-87dc-897ea2d788e2"
    },
    {
      "folded": true,
      "id": "89d972bc-5695-4a27-bc1a-c4219a252625"
    },
    {
      "folded": true,
      "id": "85cec4b6-3411-4648-94c2-7c34a8324989"
    },
    {
      "folded": true,
      "id": "170cbd22-5b43-45d0-a5d7-d4d02b3494ec"
    },
    {
      "folded": true,
      "id": "ce706c8b-773e-4795-b1ce-9db9955fb3d8"
    },
    {
      "folded": true,
      "id": "ac11439d-3758-49f5-8728-81ed22c1ed96"
    },
    {
      "folded": true,
      "id": "37031443-7c58-4763-ac0c-76897624f26f"
    },
    {
      "folded": true,
      "id": "4fe64b9c-72f1-45be-aca9-45ffbfdf0bc2"
    },
    {
      "folded": true,
      "id": "6a02ab55-b5b3-4a95-9986-3de020aa4c31"
    },
    {
      "folded": true,
      "id": "6475b072-e497-4fa2-bcce-7f77cae0393f"
    },
    {
      "folded": true,
      "id": "cbe94441-4429-40c3-86b0-d4427df8c2e4"
    },
    {
      "folded": true,
      "id": "9178fa41-6439-4af1-870e-72603fd14cdf"
    },
    {
      "folded": true,
      "id": "e6f6d217-9e30-4ac7-955c-591b0ab0354d"
    },
    {
      "folded": true,
      "id": "94413242-2027-4841-9e31-a633601b38a7"
    },
    {
      "folded": true,
      "id": "a8f291d1-7c7a-43e2-be85-915d06008918"
    },
    {
      "folded": true,
      "id": "bf3d4179-0a3a-45f9-af90-81b6c40213f6"
    },
    {
      "folded": true,
      "id": "9a5f5415-0edd-4742-abc0-c0b5d5b2aeaa"
    },
    {
      "folded": true,
      "id": "7a84015b-6b45-4462-9ef3-41eaf6f2f688"
    },
    {
      "folded": true,
      "id": "b741699e-9361-410d-9dda-03082f17de46"
    },
    {
      "folded": true,
      "id": "afe329a6-e85e-46a0-98ed-8a34e128907b"
    },
    {
      "folded": true,
      "id": "4ef99a6a-fe2c-44fe-90e0-cb28b14e254f"
    },
    {
      "folded": true,
      "id": "b2037f34-04ff-4351-b9da-5be4bb557017"
    },
    {
      "folded": true,
      "id": "9139051d-f174-4c03-92a7-e4a39902fac4"
    },
    {
      "folded": true,
      "id": "6a551f2b-ded4-4817-bc5f-2d88b047b0d7"
    },
    {
      "folded": true,
      "id": "8bf291f1-09c7-41a6-823b-234699f8d0e2"
    },
    {
      "folded": true,
      "id": "15d5f3f0-f965-4c00-945b-d2c8faee78b6"
    },
    {
      "folded": true,
      "id": "594de9a9-43da-45fe-9c61-644e9b0fec4c"
    },
    {
      "folded": true,
      "id": "8071df9d-029b-40e8-98f3-8eab08dbf6ca"
    },
    {
      "folded": true,
      "id": "6ef6f94d-6544-4dae-b068-a9d885fcb07e"
    },
    {
      "folded": true,
      "id": "ae12855f-4dca-468b-9e54-9b7f6cd2055d"
    },
    {
      "folded": true,
      "id": "b99fa941-41da-4070-826e-f098b008f475"
    },
    {
      "folded": true,
      "id": "cfb4ce01-7ab5-4940-8875-dd95a7e6a5e4"
    },
    {
      "folded": true,
      "id": "1ca798e6-9268-45b5-a662-b63593dc200a"
    },
    {
      "folded": true,
      "id": "871d9cfc-5635-4273-ae50-db0eb42ff363"
    },
    {
      "folded": true,
      "id": "48b27eda-6c0f-409a-9e77-1c68c112668e"
    },
    {
      "folded": true,
      "id": "a8c21e40-9766-40e3-bd71-430764306eaf"
    },
    {
      "folded": true,
      "id": "394bac82-54fb-472f-a27f-b5107821bfb8"
    },
    {
      "folded": true,
      "id": "c39ea496-96eb-4dc5-945a-e7c919b77c21"
    },
    {
      "folded": true,
      "id": "2a40e5e7-4c4a-4350-9e5d-76757755cdd2"
    },
    {
      "folded": true,
      "id": "3cedb8b4-8532-4037-a00e-b8d3e0013158"
    },
    {
      "folded": true,
      "id": "4c016a7b-4ecf-4c15-b9e7-dc79d18f7e8a"
    },
    {
      "folded": true,
      "id": "caaaf9ff-5036-4232-a8a7-88b80b2e4c88"
    },
    {
      "folded": true,
      "id": "6de06a23-d0de-4766-a9e1-a0314136d62e"
    },
    {
      "folded": true,
      "id": "19509bb1-dc08-4cbf-ab8f-2460e207265c"
    },
    {
      "folded": true,
      "id": "99acc716-33df-4c4c-879d-cc3407f0cd8c"
    },
    {
      "folded": true,
      "id": "97bb9c9c-5568-4419-af04-4ed5a2969a02"
    },
    {
      "folded": true,
      "id": "0c6fbbac-75d1-4184-a1f7-53673097343c"
    },
    {
      "folded": true,
      "id": "5290265e-b0da-42fe-9903-c2ca1e053d71"
    },
    {
      "folded": true,
      "id": "66a4e038-1449-4fcf-b195-578b123973e2"
    },
    {
      "folded": true,
      "id": "16ebdb74-fe20-4118-8bec-f4efdf61abd9"
    },
    {
      "folded": true,
      "id": "c04a30d5-c91e-4ef8-9cda-aaa4597b4a81"
    },
    {
      "folded": true,
      "id": "d5dfe6a8-eb19-4aae-a74f-83b71eaa57dc"
    },
    {
      "folded": true,
      "id": "e99c16f3-0194-4ab2-ac9c-ac5149701851"
    },
    {
      "folded": true,
      "id": "fccc4d85-6ad4-496d-9b33-ea76e69da132"
    },
    {
      "folded": true,
      "id": "895d9318-40d7-49d4-837e-2034a7d82760"
    },
    {
      "folded": true,
      "id": "5bcdf9aa-2073-47a2-b7ab-cb8540b9d62b"
    },
    {
      "folded": true,
      "id": "b89f6e66-0e1d-474f-9724-f0c8931ce60c"
    },
    {
      "folded": true,
      "id": "0fe0b65d-17b4-4e30-934b-acfa222f24cb"
    },
    {
      "folded": true,
      "id": "fd07853d-f6bf-43fe-a720-360888a61691"
    },
    {
      "folded": true,
      "id": "c1e757ac-f5bb-46ed-b86a-fdabff7aeb55"
    },
    {
      "folded": true,
      "id": "821b3735-a8ba-4728-ac1e-26fe97a38ba3"
    },
    {
      "folded": true,
      "id": "adaf9199-079f-46bc-b88c-b3366dabcca6"
    },
    {
      "folded": true,
      "id": "b1a2d3c3-e8c0-4407-aefa-b8216f381dcf"
    },
    {
      "folded": true,
      "id": "af151800-4ca5-48ab-a798-76e47dcfe49d"
    },
    {
      "folded": true,
      "id": "5e6b366b-3c74-4d00-ada9-35b806f50ba5"
    },
    {
      "folded": true,
      "id": "d3cc5115-4fd0-455b-b153-83525b73895f"
    },
    {
      "folded": true,
      "id": "597dbb72-1de4-4e78-9a26-5457d8f5289f"
    },
    {
      "folded": true,
      "id": "3459ab36-782c-4c4e-8aef-7280aff8b272"
    },
    {
      "folded": true,
      "id": "3105fc41-e917-4b7a-bfe1-81b993fa0e1d"
    },
    {
      "folded": true,
      "id": "c85a902c-8d07-4791-8b9c-644ec534202f"
    },
    {
      "folded": true,
      "id": "50da5486-dfa1-46d2-9d4f-686eb5527c1a"
    },
    {
      "folded": true,
      "id": "56fbfe8d-2879-4b96-afbf-4a3d9f1e25bb"
    },
    {
      "folded": true,
      "id": "137d1ca6-e90c-440b-9fa2-4b9ffff569f7"
    },
    {
      "folded": true,
      "id": "e7900377-b0b0-4c14-adc9-266fe085f22b"
    },
    {
      "folded": true,
      "id": "ce7a25e7-1570-4baf-a30d-311655a15e1f"
    },
    {
      "folded": true,
      "id": "3aefb482-7d1f-4b8f-b8c1-4fd1bbd159b1"
    },
    {
      "folded": true,
      "id": "318f81ee-94aa-4ce9-ba87-a54a43912b71"
    },
    {
      "folded": true,
      "id": "7ef50d83-071e-44e5-9bcb-a54143a90f92"
    },
    {
      "folded": true,
      "id": "0d135934-4d80-4ee1-94fa-ea68d334ab4e"
    },
    {
      "folded": true,
      "id": "700faa17-11a6-46cd-aeb5-d6900bc264f8"
    },
    {
      "folded": true,
      "id": "181aa58d-2090-4427-982b-f0a2e5cc19ae"
    },
    {
      "folded": true,
      "id": "260a47d7-41b1-4300-a249-e4472f9d323c"
    },
    {
      "folded": true,
      "id": "ae4e2188-2b7b-42a9-85e1-8fb987600b04"
    },
    {
      "folded": true,
      "id": "5cb12a01-28cd-4d14-b409-482e4f948a98"
    },
    {
      "folded": true,
      "id": "b15b4b4f-f6a3-4cb9-9fd3-b8e5b4982438"
    },
    {
      "folded": true,
      "id": "26e9a867-3d2f-4981-8a33-82d440de7aff"
    },
    {
      "folded": true,
      "id": "1423bcf5-0ac3-4237-a3b2-f744207d793b"
    },
    {
      "folded": true,
      "id": "bac522e9-4b38-4ca4-8db6-ab075635b23a"
    },
    {
      "folded": true,
      "id": "94131909-ebc1-42d9-aec4-fc0181de09fe"
    },
    {
      "folded": true,
      "id": "bc9bb1e8-9a2c-429a-8443-4032cdd51842"
    },
    {
      "folded": true,
      "id": "13370bf3-3b53-4674-8472-b161d74c3780"
    },
    {
      "folded": true,
      "id": "cacafa85-d8e9-4716-bcdb-7eba457e409c"
    },
    {
      "folded": true,
      "id": "5245e25c-010c-45fb-84a3-f3bce95793e7"
    },
    {
      "folded": true,
      "id": "769d3bcb-d883-4498-abec-41d64272cdff"
    },
    {
      "folded": true,
      "id": "a4b4823c-9c82-42af-a2b7-419d5fd51c88"
    },
    {
      "folded": true,
      "id": "41275630-9c22-4288-a108-68aa0ff958ce"
    },
    {
      "folded": true,
      "id": "abceeb90-09f9-4da7-85a9-b4e6c8c96787"
    },
    {
      "folded": true,
      "id": "2d86a854-63c4-4b90-8b88-a4328b8526c2"
    },
    {
      "folded": true,
      "id": "106bc298-d6fa-48e2-aa7e-d6b2b9ec5c9a"
    },
    {
      "folded": true,
      "id": "e54242de-428b-45c1-8e63-cb5d0c1e8904"
    },
    {
      "folded": true,
      "id": "3f0eaa15-e69a-4d08-9ff0-8c40575e8206"
    },
    {
      "folded": true,
      "id": "9c958fe4-c751-448f-84cf-b99ac556f538"
    },
    {
      "folded": true,
      "id": "13a7fbbe-d459-4ad1-b376-5695975dabe8"
    },
    {
      "folded": true,
      "id": "08a26555-0754-4879-86c2-ae161c3e1974"
    },
    {
      "folded": true,
      "id": "94dbd7a1-a680-4d64-b39f-1cb83d938edf"
    },
    {
      "folded": true,
      "id": "ba5aebd4-e25f-43c0-a0a6-dd8df6a7c997"
    },
    {
      "folded": true,
      "id": "47299e69-5713-4e97-b8f5-d2dda06df6e5"
    },
    {
      "folded": true,
      "id": "b02bd474-334a-4653-9037-d840ebf3c603"
    },
    {
      "folded": true,
      "id": "2edcc412-fa2e-4eb3-be60-2d006ea8bc92"
    },
    {
      "folded": true,
      "id": "6081ba50-374e-40cb-8a4d-d584b9996c89"
    },
    {
      "folded": true,
      "id": "d3f32892-acbd-46f1-9615-892a057136ff"
    },
    {
      "folded": true,
      "id": "09cecf36-a4f2-4b28-bd39-8e13256d1146"
    },
    {
      "folded": true,
      "id": "e3183e34-4652-43a4-802c-6927298946d2"
    },
    {
      "folded": true,
      "id": "9bb4afc6-2481-484c-a59d-39e286c187df"
    },
    {
      "folded": true,
      "id": "0f6beb88-86a6-4350-9ae9-5592d9b3c234"
    },
    {
      "folded": true,
      "id": "9e48f3b8-85ff-4810-83c6-f27adeab7204"
    },
    {
      "folded": true,
      "id": "31aff176-3fa6-4225-aa02-55988215e0bc"
    },
    {
      "folded": true,
      "id": "f236e778-03e9-4863-b961-d3aed27307ec"
    },
    {
      "folded": true,
      "id": "a3579edf-4f07-4758-97a0-c7634eecd461"
    },
    {
      "folded": true,
      "id": "af666298-c5cd-4968-b96f-6abff4565b58"
    },
    {
      "folded": true,
      "id": "1a29c30d-b7ac-4954-bede-87fcdb682483"
    },
    {
      "folded": true,
      "id": "b8268b1c-c5e6-4460-a48c-52667171d27d"
    }
  ]
}