{
  "item-states": [
    {
      "folded": false,
      "id": "5efa6ipvQhFZIFyoSQXptre"
    },
    {
      "folded": false,
      "id": "3e2db9xcMdGK7Xm/0Z9xqpH"
    },
    {
      "folded": false,
      "id": "4b880Wk94VN5bEv1S2rNswu"
    },
    {
      "folded": false,
      "id": "dbfb9Jty+JPAZXDt3zMbQuh"
    },
    {
      "folded": false,
      "id": "a8347olXJRGpbC345agkPAU"
    },
    {
      "folded": false,
      "id": "0347f28lExEcoPQ9ukte0/r"
    },
    {
      "folded": false,
      "id": "d3df35sZ95KeYGmc95eWMwo"
    },
    {
      "folded": false,
      "id": "ab089WUnz9NmJuNdkP2M6xq"
    },
    {
      "folded": false,
      "id": "55a99aLesNEC48s38fsJOLe"
    },
    {
      "folded": false,
      "id": "b15a9XXrcpHiJ2kUc85El1g"
    },
    {
      "folded": false,
      "id": "89728CunhFJ/6pa/wtqv9sn"
    },
    {
      "folded": false,
      "id": "f09a0KytdZBvq/02OJsCbnC"
    },
    {
      "folded": false,
      "id": "e9ba2fqLbhHp6FHjGyCMvCW"
    },
    {
      "folded": false,
      "id": "6d113KHwRtPOJT1W52QhWrw"
    },
    {
      "folded": false,
      "id": "b657cAwGIVFkaM5c9zojOT1"
    },
    {
      "folded": false,
      "id": "7678bzc/EhI7aEyPDwX4LPr"
    },
    {
      "folded": false,
      "id": "a3011+HK3pEWJaqNYRVYnjk"
    },
    {
      "folded": false,
      "id": "44bf7dV9ndNoKsEAvu7p3MF"
    },
    {
      "folded": false,
      "id": "ce5ee5STOlFPrlU01Uvc6J+"
    },
    {
      "folded": false,
      "id": "aa2f6rtn5pHHZr289ji53Oy"
    },
    {
      "folded": false,
      "id": "4eda7IeQaJFc46XJj4Ffyk4"
    }
  ]
}