{
  "version": "1.1.1",
  "windows": {
    "main": {
      "main": true,
      "url": "app://editor/index.html",
      "windowType": "dockable",
      "x": -2559,
      "y": 289,
      "width": 1318,
      "height": 823,
      "layout": {
        "children": [
          {
            "children": [
              {
                "active": 0,
                "children": [
                  "assets"
                ],
                "height": 503,
                "type": "panel",
                "width": 210
              },
              {
                "active": 0,
                "children": [
                  "node-library"
                ],
                "height": 226,
                "type": "panel",
                "width": 210
              }
            ],
            "height": 732,
            "type": "dock-v",
            "width": 210
          },
          {
            "children": [
              {
                "children": [
                  {
                    "active": 0,
                    "children": [
                      "scene"
                    ],
                    "height": 503,
                    "type": "panel",
                    "width": 567.984375
                  },
                  {
                    "active": 0,
                    "children": [
                      "hierarchy"
                    ],
                    "height": 503,
                    "type": "panel",
                    "width": 221
                  }
                ],
                "height": 503,
                "type": "dock-h",
                "width": 792
              },
              {
                "active": 0,
                "children": [
                  "console",
                  "timeline"
                ],
                "height": 226,
                "type": "panel",
                "width": 792
              }
            ],
            "height": 732,
            "type": "dock-v",
            "width": 792
          },
          {
            "active": 0,
            "children": [
              "inspector"
            ],
            "height": 732,
            "type": "panel",
            "width": 304
          }
        ],
        "type": "dock-h"
      },
      "panels": [
        "node-library",
        "console",
        "inspector",
        "assets",
        "scene",
        "hierarchy",
        "timeline"
      ]
    }
  },
  "panels": {
    "builder": {
      "x": 470,
      "y": 51,
      "width": 500,
      "height": 722
    }
  }
}